{
	"format_version": "1.8.0",
	"animations": {
		"toadwalk": {
			"loop": true,
			"animation_length": 1.0417,
			"bones": {
				"mushroomtop": {
					"rotation": {
						"0.0": {
							"vector": [0, 0, 0]
						},
						"0.375": {
							"vector": [0, 0, 0]
						}
					}
				},
				"leftfoot": {
					"rotation": {
						"0.125": {
							"vector": [1.6991, -12.82379, -7.65401]
						},
						"0.25": {
							"vector": [3.38423, -12.49068, -15.33351]
						},
						"0.375": {
							"vector": [1.6991, -12.82379, -7.65401]
						},
						"0.5417": {
							"vector": [-1.73487, -12.81908, 7.73185]
						},
						"0.6667": {
							"vector": [-3.41898, -12.48135, 15.41093]
						},
						"0.7917": {
							"vector": [-1.73487, -12.81908, 7.73185]
						},
						"0.9167": {
							"vector": [-0.01805, -12.93398, 0.03899]
						}
					},
					"position": {
						"vector": [1, 0, 0]
					}
				},
				"rightfoot": {
					"rotation": {
						"0.125": {
							"vector": [1.31845, 9.91358, 7.61435]
						},
						"0.25": {
							"vector": [3.03513, 9.53274, 17.75313]
						},
						"0.375": {
							"vector": [1.75378, 9.84655, 10.15108]
						},
						"0.5417": {
							"vector": [-0.88045, 9.96156, -5.07673]
						},
						"0.6667": {
							"vector": [-1.75378, 9.84655, -10.15108]
						},
						"0.7917": {
							"vector": [-0.44067, 9.99038, -2.53852]
						},
						"0.9167": {
							"vector": [0, 10, 0]
						}
					},
					"position": {
						"vector": [1, 0, -1]
					}
				},
				"rightarm": {
					"rotation": {
						"0.125": {
							"vector": [0, 0, -7.5]
						},
						"0.2917": {
							"vector": [0, 0, -15]
						},
						"0.4167": {
							"vector": [0, 0, -7.5]
						},
						"0.5417": {
							"vector": [0, 0, 0]
						},
						"0.6667": {
							"vector": [0, 0, 7.5]
						},
						"0.7917": {
							"vector": [0, 0, 17.5]
						},
						"0.9167": {
							"vector": [0, 0, 10]
						},
						"1.0417": {
							"vector": [0, 0, 2.5]
						}
					},
					"position": {
						"0.125": {
							"vector": [2, 0, 0]
						},
						"0.2917": {
							"vector": [3, 0, 0]
						},
						"0.4167": {
							"vector": [1, 0, 0]
						},
						"0.5417": {
							"vector": [0, 0, 0]
						},
						"0.6667": {
							"vector": [0, 0, 0]
						},
						"0.7917": {
							"vector": [-1, 0, 0]
						},
						"0.9167": {
							"vector": [0, 0, 0]
						},
						"1.0417": {
							"vector": [0, 0, 0]
						}
					}
				},
				"leftarm": {
					"rotation": {
						"0.125": {
							"vector": [0, 0, 370]
						},
						"0.2917": {
							"vector": [0, 0, 377.5]
						},
						"0.4167": {
							"vector": [0, 0, 370]
						},
						"0.5417": {
							"vector": [0, 0, 360]
						},
						"0.6667": {
							"vector": [0, 0, 352.5]
						},
						"0.7917": {
							"vector": [0, 0, 345]
						},
						"0.9167": {
							"vector": [0, 0, 352.5]
						},
						"1.0417": {
							"vector": [0, 0, 360]
						}
					},
					"position": {
						"0.125": {
							"vector": [-1, 0, 0]
						},
						"0.2917": {
							"vector": [-2, 0, 0]
						},
						"0.4167": {
							"vector": [-1, 0, 0]
						},
						"0.5417": {
							"vector": [0, 0, 0]
						},
						"0.6667": {
							"vector": [1, 0, 0]
						},
						"0.7917": {
							"vector": [2, 0, 0]
						},
						"0.9167": {
							"vector": [1, 0, 0]
						},
						"1.0417": {
							"vector": [0, 0, 0]
						}
					}
				}
			}
		},
		"toad idel": {
			"loop": true,
			"animation_length": 2,
			"bones": {
				"mushroomtop": {
					"rotation": {
						"0.0": {
							"vector": [0, 0, 0]
						},
						"0.5": {
							"vector": [0, -10, 0]
						},
						"1.0": {
							"vector": [0, 0, 0]
						},
						"1.5": {
							"vector": [0, 10, 0]
						},
						"2.0": {
							"vector": [0, 0, 0]
						}
					}
				},
				"body": {
					"rotation": {
						"0.0": {
							"vector": [0, 0, 0]
						},
						"0.5": {
							"vector": [0, 0, 0]
						}
					}
				},
				"face": {
					"rotation": {
						"0.0": {
							"vector": [0, 0, 0]
						},
						"0.5": {
							"vector": [0, -7.5, 0]
						},
						"0.7083": {
							"vector": [0, 2.5, 0]
						},
						"1.0": {
							"vector": [0, 0, 0]
						},
						"1.5": {
							"vector": [0, 10, 0]
						},
						"2.0": {
							"vector": [0, 0, 0]
						}
					}
				},
				"rightarm": {
					"rotation": {
						"0.0": {
							"vector": [0, 0, 0]
						},
						"0.5": {
							"vector": [0, 0, 7.5]
						},
						"1.0": {
							"vector": [0, 0, 0]
						},
						"1.5": {
							"vector": [0, 0, -7.5]
						},
						"2.0": {
							"vector": [0, 0, 0]
						}
					},
					"position": {
						"0.0": {
							"vector": [0, 0, 0]
						},
						"0.5": {
							"vector": [-1, 0, 0]
						},
						"1.0": {
							"vector": [0, 0, 0]
						},
						"1.5": {
							"vector": [1, 0, 0]
						},
						"2.0": {
							"vector": [0, 0, 0]
						}
					}
				},
				"leftarm": {
					"rotation": {
						"0.0": {
							"vector": [0, 0, 0]
						},
						"0.5": {
							"vector": [0, 0, -10]
						},
						"1.0": {
							"vector": [0, 0, -2.5]
						},
						"1.5": {
							"vector": [0, 0, 5]
						},
						"2.0": {
							"vector": [0, 0, 0]
						}
					},
					"position": {
						"0.0": {
							"vector": [0, 0, 0]
						},
						"0.5": {
							"vector": [2, 0, 0]
						},
						"1.0": {
							"vector": [1, 0, 0]
						},
						"1.5": {
							"vector": [-1, 0, 0]
						},
						"2.0": {
							"vector": [0, 0, 0]
						}
					}
				}
			}
		}
	},
	"geckolib_format_version": 2
}